{"cameraMode":{"drawMode":0,"name":"Shaded","section":"Shading Mode"},"sceneLighting":true,"audioPlay":false,"sceneViewState":{"showFog":true,"showMaterialUpdate":false,"showSkybox":false,"showFlares":true,"showImageEffects":true,"showParticleSystems":true},"in2DMode":false,"pivot":{"x":0.3963797390460968,"y":0.7600722312927246,"z":0.781537652015686},"rotation":{"x":-0.0619208849966526,"y":0.2501000463962555,"z":-0.016036439687013627,"w":-0.9662578701972961},"size":3.045234203338623,"orthographic":false}