{"cameraMode":{"drawMode":0,"name":"Shaded","section":"Shading Mode"},"sceneLighting":false,"audioPlay":false,"sceneViewState":{"showFog":true,"showMaterialUpdate":false,"showSkybox":false,"showFlares":true,"showImageEffects":true,"showParticleSystems":true},"in2DMode":false,"pivot":{"x":-0.21576331555843354,"y":0.6486481428146362,"z":-0.6793429255485535},"rotation":{"x":-0.16730481386184693,"y":0.06098681315779686,"z":-0.010312764905393124,"w":-0.9840773940086365},"size":2.020829200744629,"orthographic":false}