{"cameraMode":{"drawMode":0,"name":"Shaded","section":"Shading Mode"},"sceneLighting":false,"audioPlay":false,"sceneViewState":{"showFog":true,"showMaterialUpdate":false,"showSkybox":false,"showFlares":true,"showImageEffects":true,"showParticleSystems":true},"in2DMode":false,"pivot":{"x":-0.17733538150787354,"y":0.36611849069595339,"z":0.5762418508529663},"rotation":{"x":-0.05408544838428497,"y":0.6182811260223389,"z":-0.04277540370821953,"w":-0.7831770777702332},"size":1.9654666185379029,"orthographic":false}