{"cameraMode":{"drawMode":0,"name":"Shaded","section":"Shading Mode"},"sceneLighting":false,"audioPlay":false,"sceneViewState":{"showFog":true,"showMaterialUpdate":false,"showSkybox":false,"showFlares":true,"showImageEffects":true,"showParticleSystems":true},"in2DMode":false,"pivot":{"x":-3.380000114440918,"y":-0.05000000074505806,"z":-0.11000001430511475},"rotation":{"x":-0.1819567084312439,"y":-0.16168273985385896,"z":0.030305901542305948,"w":-0.9696010947227478},"size":2.3392786979675295,"orthographic":false}