{"cameraMode":{"drawMode":0,"name":"Shaded","section":"Shading Mode"},"sceneLighting":false,"audioPlay":false,"sceneViewState":{"showFog":true,"showMaterialUpdate":false,"showSkybox":false,"showFlares":true,"showImageEffects":true,"showParticleSystems":true},"in2DMode":false,"pivot":{"x":0.0000012218952178955079,"y":0.29456377029418948,"z":0.01032935082912445},"rotation":{"x":-0.04048079624772072,"y":0.02476998046040535,"z":-0.0010873049031943083,"w":-0.9990970492362976},"size":1.8437716960906983,"orthographic":false}