{"cameraMode":{"drawMode":0,"name":"Shaded","section":"Shading Mode"},"sceneLighting":false,"audioPlay":false,"sceneViewState":{"showFog":true,"showMaterialUpdate":false,"showSkybox":false,"showFlares":true,"showImageEffects":true,"showParticleSystems":true},"in2DMode":false,"pivot":{"x":0.2508193254470825,"y":1.3662489652633668,"z":1.6088663339614869},"rotation":{"x":0.0975261926651001,"y":0.15530113875865937,"z":-0.015449878759682179,"w":0.9829721450805664},"size":4.524694442749023,"orthographic":false}