{"cameraMode":{"drawMode":0,"name":"Shaded","section":"Shading Mode"},"sceneLighting":false,"audioPlay":false,"sceneViewState":{"showFog":true,"showMaterialUpdate":false,"showSkybox":false,"showFlares":true,"showImageEffects":true,"showParticleSystems":true},"in2DMode":false,"pivot":{"x":2.4882586002349855,"y":0.497488796710968,"z":-1.9954016208648682},"rotation":{"x":-0.15179570019245149,"y":0.04127693548798561,"z":-0.006384263280779123,"w":-0.9876741766929627},"size":2.020829200744629,"orthographic":false}