{"cameraMode":{"drawMode":0,"name":"Shaded","section":"Shading Mode"},"sceneLighting":false,"audioPlay":false,"sceneViewState":{"showFog":true,"showMaterialUpdate":false,"showSkybox":false,"showFlares":true,"showImageEffects":true,"showParticleSystems":true},"in2DMode":false,"pivot":{"x":2.9802322387695315e-8,"y":0.2769768238067627,"z":-0.019949257373809816},"rotation":{"x":-0.11325579881668091,"y":0.01616925187408924,"z":-0.0018685657996684313,"w":-0.9935811758041382},"size":2.562922239303589,"orthographic":false}