{"cameraMode":{"drawMode":0,"name":"Shaded","section":"Shading Mode"},"sceneLighting":true,"audioPlay":false,"sceneViewState":{"showFog":true,"showMaterialUpdate":false,"showSkybox":false,"showFlares":true,"showImageEffects":true,"showParticleSystems":true},"in2DMode":false,"pivot":{"x":0.37045818567276,"y":1.1461296081542969,"z":-0.14944148063659669},"rotation":{"x":-0.05613705515861511,"y":-0.20482751727104188,"z":0.011846120469272137,"w":-0.9772272109985352},"size":2.44207763671875,"orthographic":false}