{"cameraMode":{"drawMode":0,"name":"Shaded","section":"Shading Mode"},"sceneLighting":true,"audioPlay":false,"sceneViewState":{"showFog":true,"showMaterialUpdate":false,"showSkybox":true,"showFlares":true,"showImageEffects":true,"showParticleSystems":true},"in2DMode":false,"pivot":{"x":133.72337341308595,"y":209.49539184570313,"z":-74.78759765625},"rotation":{"x":-0.14724703133106233,"y":0.13183672726154328,"z":-0.01985997147858143,"w":-0.9803134202957153},"size":266.05450439453127,"orthographic":false}